RegionID,RegionName,lat,lon
102001,United States,39.7837304,-100.445882
394913,"New York, NY",40.7127281,-74.0060152
753899,"Los Angeles, CA",34.0536909,-118.242766
394463,"Chicago, IL",41.8755616,-87.6244212
394514,"Dallas, TX",32.7762719,-96.7968559
394692,"Houston, TX",29.7589382,-95.3676974
395209,"Washington, DC",38.8950368,-77.0365427
394974,"Philadelphia, PA",39.9527237,-75.1635262
394856,"Miami, FL",25.7741566,-80.1935973
394347,"Atlanta, GA",33.7544657,-84.3898151
394404,"Boston, MA",42.3588336,-71.0578303
394976,"Phoenix, AZ",33.4484367,-112.074141
395057,"San Francisco, CA",37.7879363,-122.4075201
395025,"Riverside, CA",33.9824949,-117.374238
394532,"Detroit, MI",42.3315509,-83.046640300000007
395078,"Seattle, WA",47.6038321,-122.330062
394865,"Minneapolis, MN",44.9772995,-93.2654692
395056,"San Diego, CA",32.7174202,-117.162772
395148,"Tampa, FL",27.9449854,-82.4583107
394530,"Denver, CO",39.7392364,-104.984862
394358,"Baltimore, MD",39.2908816,-76.610759
395121,"St. Louis, MO",38.6254063,-90.190009
394943,"Orlando, FL",28.5421218,-81.379045
394458,"Charlotte, NC",35.2272086,-80.8430827
395055,"San Antonio, TX",29.4246002,-98.4951405
394998,"Portland, OR",45.5202471,-122.674194
395045,"Sacramento, CA",38.5810606,-121.493895
394982,"Pittsburgh, PA",40.4406968,-80.0025666
394466,"Cincinnati, OH",39.1014537,-84.5124602
394355,"Austin, TX",30.2711286,-97.7436995
394775,"Las Vegas, NV",36.1674263,-115.1484131
394735,"Kansas City, MO",39.100105,-94.5781416
394492,"Columbus, OH",39.9622601,-83.0007065
394705,"Indianapolis, IN",39.7683331,-86.1583502
394475,"Cleveland, OH",41.4996574,-81.6936772
395059,"San Jose, CA",37.3361663,-121.890591
394902,"Nashville, TN",36.1622767,-86.7742984
395194,"Virginia Beach, VA",36.8496579,-75.9760751
395005,"Providence, RI",41.8239891,-71.4128343
394714,"Jacksonville, FL",30.3262247,-81.6579179
394862,"Milwaukee, WI",43.0386475,-87.9090751
394935,"Oklahoma City, OK",35.4729886,-97.5170536
395012,"Raleigh, NC",35.7803977,-78.6390989
394849,"Memphis, TN",35.1460249,-90.0517638
395022,"Richmond, VA",37.5385087,-77.43428
394807,"Louisville, KY",38.2542376,-85.759407
394910,"New Orleans, LA",29.9561422,-90.0733934
395053,"Salt Lake City, UT",40.7596198,-111.886797
394669,"Hartford, CT",41.764582,-72.6908547
394425,"Buffalo, NY",42.8864163,-78.8781493
394388,"Birmingham, AL",33.5206824,-86.8024326
395031,"Rochester, NY",43.157285,-77.615214
394640,"Grand Rapids, MI",42.9632425,-85.6678639
395167,"Tucson, AZ",32.2228765,-110.974847
753924,"Urban Honolulu, HI",21.3936552,-157.975819
395169,"Tulsa, OK",36.1563122,-95.9927516
394619,"Fresno, CA",36.7394421,-119.78483
395238,"Worcester, MA",42.2625621,-71.8018877
394938,"Omaha, NE",41.2587459,-95.9383758
394415,"Bridgeport, CT",41.1792695,-73.1887863
394653,"Greenville, SC",34.851354,-82.3984882
394312,"Albuquerque, NM",35.0841034,-106.650985
394357,"Bakersfield, CA",35.3738712,-119.019463
394308,"Albany, NY",42.6511674,-73.754968
394753,"Knoxville, TN",35.9603948,-83.9210261
394367,"Baton Rouge, LA",30.4494155,-91.1869659
394843,"McAllen, TX",26.204114,-98.2300605
394908,"New Haven, CT",41.3082138,-72.9250518
394561,"El Paso, TX",31.7601001,-106.4870476
394318,"Allentown, PA",40.6022552,-75.4716115
394952,"Oxnard, CA",34.1976308,-119.180381
394486,"Columbia, SC",34.000754,-81.0352313
753906,"North Port, FL",27.044224,-82.2359254
394457,"Charleston, SC",32.7884363,-79.9399309
394648,"Greensboro, NC",36.0726355,-79.7919754
395134,"Stockton, CA",37.9577016,-121.290779
394440,"Cape Coral, FL",26.5625742,-81.9438802
394399,"Boise City, ID",43.6166163,-116.200886
394484,"Colorado Springs, CO",38.8339578,-104.825348
394798,"Little Rock, AR",34.7465071,-92.2896267
394766,"Lakeland, FL",28.0394654,-81.9498042
394304,"Akron, OH",41.083064,-81.518485
394531,"Des Moines, IA",41.5868654,-93.6249494
395115,"Springfield, MA",42.1018764,-72.5886727
394931,"Ogden, UT",41.2230048,-111.9738429
394816,"Madison, WI",43.07469,-89.3841663
395235,"Winston, NC",36.0998131,-80.2440518
394528,"Deltona, FL",28.904843,-81.2273119
395143,"Syracuse, NY",43.0481221,-76.1474244
395006,"Provo, UT",40.2337289,-111.6587085
395160,"Toledo, OH",41.6529143,-83.5378173
395224,"Wichita, KS",37.6922361,-97.3375448
394549,"Durham, NC",35.996653,-78.9018053
394352,"Augusta, GA",33.4709714,-81.9748429
394957,"Palm Bay, FL",27.9946969,-80.6366144
394711,"Jackson, MS",32.2998686,-90.1830408
394666,"Harrisburg, PA",40.2663107,-76.8861122
395113,"Spokane, WA",47.6571934,-117.42351
395075,"Scranton, PA",41.4086874,-75.6621294
394460,"Chattanooga, TN",35.0457219,-85.3094883
394871,"Modesto, CA",37.6393419,-120.9968892
394768,"Lancaster, PA",40.0379958,-76.3056707
394997,"Portland, ME",43.6573605,-70.2586618
395245,"Youngstown, OH",41.1035786,-80.6520161
394770,"Lansing, MI",42.7338254,-84.5546295
394590,"Fayetteville, AR",36.0625843,-94.1574328
394589,"Fayetteville, NC",35.0525759,-78.878292
394792,"Lexington, KY",38.0464066,-84.4970393
394971,"Pensacola, FL",30.421309,-87.2169149
395068,"Santa Rosa, CA",38.4404925,-122.7141049
395019,"Reno, NV",39.5261788,-119.812658
394698,"Huntsville, AL",34.729847,-86.5859011
394995,"Port St. Lucie, FL",27.2939333,-80.3503283
394761,"Lafayette, LA",30.2262187,-92.0178202
394898,"Myrtle Beach, SC",33.6956461,-78.8900409
395116,"Springfield, MO",37.2081729,-93.2922715
395195,"Visalia, CA",36.3302284,-119.292058
394746,"Killeen, TX",31.1171441,-97.727796
394338,"Asheville, NC",35.595363,-82.5508407
395244,"York, PA",39.962493,-76.7276989
395183,"Vallejo, CA",38.1040864,-122.2566367
753917,"Santa Maria, CA",34.9531295,-120.435857
395050,"Salinas, CA",36.6744117,-121.655037
395048,"Salem, OR",44.9391565,-123.033121
394870,"Mobile, AL",30.6913462,-88.0437509
395015,"Reading, PA",40.335345,-75.9279495
394502,"Corpus Christi, TX",27.7635302,-97.4033191
394421,"Brownsville, TX",25.9024289,-97.4981698
394820,"Manchester, NH",42.9956397,-71.4547891
394612,"Fort Wayne, IN",41.0799898,-85.1386015
394658,"Gulfport, MS",30.3674198,-89.0928155
395051,"Salisbury, MD",38.366027,-75.6009964
394596,"Flint, MI",43.0161693,-83.6900211
394972,"Peoria, IL",40.6938609,-89.5891008
394439,"Canton, OH",40.7985464,-81.3749508
395070,"Savannah, GA",32.0790074,-81.0921335
394327,"Anchorage, AK",61.2163129,-149.894852
394372,"Beaumont, TX",30.0829344,-94.0984277
395096,"Shreveport, LA",32.5135356,-93.7477839
395164,"Trenton, NJ",40.2203074,-74.7659
394875,"Montgomery, AL",32.3777111,-86.3090775
394520,"Davenport, IA",41.5235808,-90.5770967
395146,"Tallahassee, FL",30.4380832,-84.2809332
394576,"Eugene, OR",44.0505054,-123.0950506
394901,"Naples, FL",26.1421976,-81.7942944
394332,"Ann Arbor, MI",42.2813722,-83.7484616
394927,"Ocala, FL",29.1871986,-82.1400923
394679,"Hickory, NC",35.7333312,-81.3442915
394697,"Huntington, WV",38.4192496,-82.445154
394602,"Fort Collins, CO",40.5871782,-105.0770113
395033,"Rockford, IL",42.2713945,-89.093966
394796,"Lincoln, NE",40.8088861,-96.7077751
394622,"Gainesville, FL",29.6519684,-82.3249846
394405,"Boulder, CO",40.0149856,-105.270545
394646,"Green Bay, WI",44.5126379,-88.0125794
394488,"Columbus, GA",32.4610708,-84.9880449
395107,"South Bend, IN",41.6833813,-86.2500066
395109,"Spartanburg, SC",34.9498007,-81.9320157
394645,"Greeley, CO",40.4233142,-104.7091322
394808,"Lubbock, TX",33.5855677,-101.8470215
394471,"Clarksville, TN",36.5277607,-87.3588703
395028,"Roanoke, VA",37.270973,-79.9414313
394579,"Evansville, IN",37.970495,-87.5715641
394747,"Kingsport, TN",36.550238,-82.5594293
394741,"Kennewick, WA",46.2087066,-119.119919
395179,"Utica, NY",43.1009031,-75.2326641
394660,"Hagerstown, MD",39.6430455,-77.7191081
394543,"Duluth, MN",46.7838287,-92.1052679
394937,"Olympia, WA",47.0451022,-122.8950075
394803,"Longview, TX",32.5007031,-94.74049
395229,"Wilmington, NC",34.2352853,-77.9487284
395061,"San Luis Obispo, CA",35.3540209,-120.375716
753875,"Crestview, FL",30.7621326,-86.5705084
394851,"Merced, CA",37.1641544,-120.7678602
395197,"Waco, TX",31.5491899,-97.1474628
394447,"Cedar Rapids, IA",41.9758872,-91.6704053
394348,"Atlantic City, NJ",39.3642852,-74.4229351
394412,"Bremerton, WA",47.5653663,-122.6246836
395103,"Sioux Falls, SD",43.5476008,-96.7293629
395065,"Santa Cruz, CA",36.9743626,-122.0294673
394572,"Erie, PA",42.1294712,-80.0852695
394924,"Norwich, CT",41.5243631,-72.0759134
394323,"Amarillo, TX",35.20729,-101.8371192
394772,"Laredo, TX",27.5079211,-99.5069834
395171,"Tuscaloosa, AL",33.2095614,-87.5675258
394483,"College Station, TX",30.6183939,-96.3455991
394732,"Kalamazoo, MI",42.291707,-85.5872286
394811,"Lynchburg, VA",37.4137536,-79.1422464
394455,"Charleston, WV",38.3505995,-81.6332812
395240,"Yakima, WA",46.601557,-120.510842
394585,"Fargo, ND",46.877229,-96.789821
394387,"Binghamton, NY",42.098698,-75.9125187
394609,"Fort Smith, AR",35.3880338,-94.4265011
394334,"Appleton, WI",44.2613967,-88.4069744
395161,"Topeka, KS",39.049011,-95.677556
394813,"Macon, GA",32.8406946,-83.6324022
395174,"Tyler, TX",32.3512601,-95.3010624
394361,"Barnstable Town, MA",41.6637897,-70.3030155
394519,"Daphne, AL",30.6035255,-87.9036047
394378,"Bellingham, WA",48.7544012,-122.478836
394429,"Burlington, VT",44.4761601,-73.212906
395030,"Rochester, MN",44.0234387,-92.4630182
753895,"Lafayette, IN",40.4191229,-86.8919011
394454,"Champaign, IL",40.1164841,-88.2430932
394848,"Medford, OR",42.3264181,-122.8718605
394459,"Charlottesville, VA",38.029306,-78.4766781
394763,"Lake Charles, LA",30.2305095,-93.2169807
394773,"Las Cruces, NM",32.3140354,-106.779807
394464,"Chico, CA",39.7284945,-121.8374777
394681,"Hilton Head Island, SC",32.1618488,-80.7512616
394346,"Athens, GA",33.9597677,-83.376398
394765,"Lake Havasu City, AZ",34.4775296,-114.3379972
394485,"Columbia, MO",38.951883,-92.3337366
395114,"Springfield, IL",39.7990175,-89.6439575
394691,"Houma, LA",29.5957696,-90.7195348
394872,"Monroe, LA",32.5025471,-92.116219
394565,"Elkhart, IN",41.6012796,-85.8590603
394726,"Johnson City, TN",36.3167671,-82.352903
395247,"Yuma, AZ",32.7254216,-114.6198088
394623,"Gainesville, GA",34.2978794,-83.8240663
394716,"Jacksonville, NC",34.7509962,-77.4309829
394597,"Florence, SC",34.1984435,-79.7671658
394680,"Hilo, HI",19.7073734,-155.08158
395118,"St. Cloud, MN",45.574643,-94.1205808
395011,"Racine, WI",42.7313756,-87.7834769
394380,"Bend, OR",44.0581728,-121.3153096
395047,"Saginaw, MI",43.4200387,-83.9490365
395202,"Warner Robins, GA",32.6200973,-83.606568
395151,"Terre Haute, IN",39.4667025,-87.4139119
395162,"Torrington, CT",41.8006523,-73.1212214
395009,"Punta Gorda, FL",26.9351529,-82.0512058
394386,"Billings, MT",45.7874957,-108.49607
395018,"Redding, CA",40.5863563,-122.391675
394748,"Kingston, NY",41.9287812,-74.0023825
394960,"Panama City, FL",30.1586518,-85.6602936
394729,"Joplin, MO",37.0841838,-94.5133385
394539,"Dover, DE",39.158168,-75.5243682
394559,"El Centro, CA",32.792,-115.563051
394712,"Jackson, TN",35.6144446,-88.8177418
395246,"Yuba City, CA",39.1404477,-121.6169108
394406,"Bowling Green, KY",36.9929203,-86.4428677
395119,"St. George, UT",37.1098772,-113.5832063
394896,"Muskegon, MI",43.2341813,-86.2483921
394299,"Abilene, TX",32.44645,-99.7475905
394707,"Iowa City, IA",41.6612561,-91.5299106
394351,"Auburn, AL",32.6098566,-85.4807825
394860,"Midland, TX",31.83688,-102.0103767
753869,"Bloomington, IL",40.4797828,-88.9939147
394671,"Hattiesburg, MS",31.3271189,-89.2903392
394944,"Oshkosh, WI",44.0206919,-88.5408574
394555,"Eau Claire, WI",44.811349,-91.4984941
394651,"Greenville, NC",35.613224,-77.3724593
394428,"Burlington, NC",36.0956918,-79.4377991
395210,"Waterloo, IA",42.498275,-92.3328743
394480,"Coeur d'Alene, ID",47.6742994,-116.7811531
394553,"East Stroudsburg, PA",40.9995386,-75.1812913
395007,"Pueblo, CO",38.263995,-104.6141867
394392,"Blacksburg, VA",37.2296566,-80.4136767
395215,"Wausau, WI",44.9597858,-89.6272791
394731,"Kahului, HI",20.8747708,-156.4529879
394720,"Janesville, WI",42.6829765,-89.0226793
395170,"Tupelo, MS",34.2576067,-88.7033859
394393,"Bloomington, IN",39.1670396,-86.5342881
394930,"Odessa, TX",31.8457149,-102.367687
394710,"Jackson, MI",42.2416466,-84.425589
395125,"State College, PA",40.7944504,-77.8616386
395079,"Sebastian, FL",27.817357,-80.4694039
394814,"Madera, CA",37.1716264,-119.7737991
394523,"Decatur, AL",34.6060203,-86.9838165
394453,"Chambersburg, PA",39.9375112,-77.6612586
395193,"Vineland, NJ",39.4862777,-75.0254256
394703,"Idaho Falls, ID",43.4887907,-112.03628
394639,"Grand Junction, CO",39.0672568,-108.56448
394563,"Elizabethtown, KY",37.693952,-85.8591285
394917,"Niles, MI",41.829769400000004,-86.2541768
394873,"Monroe, MI",41.9153358,-83.5135665
395066,"Santa Fe, NM",35.6876096,-105.938456
394493,"Concord, NH",43.207178,-71.537476
394314,"Alexandria, LA",31.3119463,-92.4453558
395163,"Traverse City, MI",44.7606481,-85.6165976
394359,"Bangor, ME",44.8016255,-68.7713289
394685,"Homosassa Springs, FL",28.8150599,-82.5550449
394662,"Hanford, CA",36.3277959,-119.6461565
394723,"Jefferson City, MO",38.577359,-92.1724265
394598,"Florence, AL",34.79981,-87.677251
394537,"Dothan, AL",31.2237285,-85.3934375
394802,"London, KY",37.1283343,-84.0835576
394306,"Albany, GA",31.5782062,-84.1556809
395102,"Sioux City, IA",42.4966815,-96.4058782
395223,"Wichita Falls, TX",33.9004572,-98.5020777
395152,"Texarkana, TX",33.4466745,-94.0771483
395182,"Valdosta, GA",30.8327022,-83.2784851
394800,"Logan, UT",41.7313063,-111.834914
394595,"Flagstaff, AZ",35.1987522,-111.651822
395036,"Rocky Mount, NC",35.9423833,-77.7956949
395000,"Pottsville, PA",40.6851324,-76.1953701
394515,"Dalton, GA",34.7691867,-84.9702475
394783,"Lebanon, PA",40.375713,-76.4626118
394880,"Morristown, TN",36.2139814,-83.2948923
395232,"Winchester, VA",39.1852184,-78.1652404
395221,"Wheeling, WV",40.0639616,-80.7209149
394879,"Morgantown, WV",39.6296809,-79.9559437
394756,"La Crosse, WI",43.8122836,-91.2514355
394900,"Napa, CA",38.4898675,-122.3218414
395013,"Rapid City, SD",44.0806041,-103.228023
395139,"Sumter, SC",33.9204354,-80.3414693
394577,"Eureka, CA",40.8018746,-124.1707558
395117,"Springfield, OH",39.9234046,-83.810138
394668,"Harrisonburg, VA",38.4493315,-78.8688833
394368,"Battle Creek, MI",42.3192548,-85.1824269
395094,"Sherman, TX",36.2452294,-101.8858689
394821,"Manhattan, KS",39.1836082,-96.5716694
394442,"Carbondale, IL",37.7274692,-89.216655
394727,"Johnstown, PA",40.3267407,-78.9219698
394728,"Jonesboro, AR",35.8348088,-90.7045297
394390,"Bismarck, ND",46.808327,-100.783739
394661,"Hammond, LA",30.5043583,-90.4611995
394983,"Pittsfield, MA",42.4484778,-73.2541069
394890,"Mount Vernon, WA",48.4200462,-122.32642
394719,"Jamestown, NY",42.0965167,-79.2380322
395153,"The Villages, FL",28.9269978,-82.0041758
394307,"Albany, OR",44.6365071,-123.1059324
394633,"Glens Falls, NY",43.309941,-73.644447
394780,"Lawton, OK",34.6051975,-98.3952279
394474,"Cleveland, TN",35.1595182,-84.8766115
395098,"Sierra Vista, AZ",31.5647691,-110.2742994
394325,"Ames, IA",42.0267567,-93.6170448
394824,"Mansfield, OH",40.75839,-82.5154471
395128,"Staunton, VA",38.1495947,-79.072557
394353,"Augusta, ME",44.3148027,-69.7743945
394321,"Altoona, PA",40.5193586,-78.3968299
394905,"New Bern, NC",35.1068428,-77.0398762
394588,"Farmington, NM",36.7291152,-108.205445
395120,"St. Joseph, MO",39.7686055,-94.8466322
395054,"San Angelo, TX",31.4649685,-100.4405094
395218,"Wenatchee, WA",47.4234599,-120.310349
394949,"Owensboro, KY",37.7742152,-87.1133304
753890,"Holland, MI",42.7876022,-86.1090828
394810,"Lumberton, NC",34.6183305,-79.008205
394778,"Lawrence, KS",38.9719137,-95.2359403
394635,"Goldsboro, NC",35.3848841,-77.9927651
395213,"Watertown, NY",43.9747838,-75.9107565
395089,"Sheboygan, WI",43.7128967,-87.9370433
395217,"Weirton, WV",40.4002396,-80.5899788
394867,"Missoula, MT",46.8701049,-113.995267
394407,"Bozeman, MT",45.6794293,-111.044047
394333,"Anniston, AL",33.6624824,-85.8283224
394374,"Beckley, WV",37.7781702,-81.1881557
395225,"Williamsport, PA",41.2411556,-77.0011096
394423,"Brunswick, GA",31.1499528,-81.4914894
753872,"California, MD",38.2976295,-76.5081118
395173,"Twin Falls, ID",42.5558542,-114.4700684
394495,"Cookeville, TN",36.1623886,-85.4997057
394893,"Muncie, IN",40.1936892,-85.3865271
394857,"Michigan City, IN",41.7075394,-86.8950297
395039,"Roseburg, OR",43.216505,-123.3417381
394788,"Lewiston, ME",44.0990717,-70.2177099
394804,"Longview, WA",46.1377048,-122.934462
394932,"Ogdensburg, NY",44.6975256,-75.4924943
394734,"Kankakee, IL",41.1253903,-87.848682
394396,"Bluefield, WV",37.2698395,-81.2223195
395095,"Show Low, AZ",34.2542084,-110.029832
395023,"Richmond, KY",37.7478572,-84.2946539
395168,"Tullahoma, TN",35.3624915,-86.2099766
395222,"Whitewater, WI",42.8339562,-88.7306517
394709,"Ithaca, NY",42.4374175,-76.5483724
394637,"Grand Forks, ND",47.9252104,-97.0306325
394524,"Decatur, IL",39.8454163,-88.9524151
394762,"LaGrange, GA",33.039291,-85.0313269
394369,"Bay City, MI",43.5962107,-83.8881711
394599,"Fond du Lac, WI",43.7533414,-88.4493796
394630,"Gettysburg, PA",39.8308973,-77.231012
394620,"Gadsden, AL",34.0128323,-86.0030251
394733,"Kalispell, MT",48.202158,-114.315321
394518,"Danville, VA",36.5879877,-79.3916713
394823,"Mankato, MN",44.1658533,-94.0028013
394794,"Lima, OH",40.7399785,-84.105006
753915,"Salem, OH",40.9008923,-80.8567502
395166,"Truckee, CA",39.3279454,-120.1835765
395080,"Sebring, FL",27.4957453,-81.4410425
394462,"Cheyenne, WY",41.139981,-104.820246
394689,"Hot Springs, AR",34.5038393,-93.0552437
394302,"Adrian, MI",41.8975152,-84.0373054
395090,"Shelby, NC",35.2923513,-81.5356463
394542,"Dubuque, IA",42.5006243,-90.6647985
394852,"Meridian, MS",32.3643098,-88.703656
753912,"Pinehurst, NC",35.1951981,-79.4692796
394953,"Paducah, KY",37.0833893,-88.6000478
395190,"Victoria, TX",28.8026443,-96.9766308
395038,"Rome, GA",34.257038,-85.1646726
395086,"Sevierville, TN",35.8672932,-83.5657167
394882,"Moses Lake, WA",47.1301417,-119.278077
394441,"Cape Girardeau, MO",37.304731,-89.5176418
394311,"Albertville, AL",34.2675937,-86.2088669
394580,"Fairbanks, AK",64.837845,-147.716675
394410,"Brainerd, MN",46.3580221,-94.2008288
394513,"Cumberland, MD",39.6526498,-78.762383
394928,"Ocean City, NJ",39.2776156,-74.5746001
394505,"Corvallis, OR",44.5645659,-123.2620435
394988,"Pocatello, ID",42.8620287,-112.450627
394501,"Corning, NY",42.1435257,-77.0543408
394911,"New Philadelphia, OH",40.4897871,-81.4456706
395140,"Sunbury, PA",40.8619754,-76.7936252
395175,"Ukiah, CA",39.1501662,-123.2077861
753887,"Hermiston, OR",45.8404101,-119.28946
394469,"Clarksburg, WV",39.2806451,-80.3445341
394964,"Parkersburg, WV",39.2667309,-81.5620755
394373,"Beaver Dam, WI",43.4577692,-88.837329
394980,"Pine Bluff, AR",34.2228884,-92.004334
394641,"Grants Pass, OR",42.4393707,-123.3272489
394511,"Cullman, AL",34.1335332,-86.8779268
394809,"Lufkin, TX",31.3386242,-94.7288558
395248,"Zanesville, OH",39.9401426,-82.005019
394907,"New Castle, PA",40.9999202,-80.3471856
394925,"Oak Harbor, WA",48.2931559,-122.643224
394942,"Orangeburg, SC",33.4054944,-80.778429
395212,"Watertown, WI",43.194335,-88.7241822
394847,"Meadville, PA",41.641445,-80.151449
394568,"Elmira, NY",42.0897965,-76.8077338
394644,"Great Falls, MT",47.5048851,-111.29189
394776,"Laurel, MS",31.6940509,-89.1306124
395042,"Russellville, AR",35.2784173,-93.1337856
394704,"Indiana, PA",40.6424116,-79.1262839
394859,"Midland, MI",43.6155825,-84.2472117
394755,"Kokomo, IN",40.4864444,-86.1336351
394395,"Bloomsburg, PA",41.0044958,-76.4537302
394941,"Opelousas, LA",30.5335302,-92.081509
394675,"Helena, MT",46.5927425,-112.036277
394744,"Key West, FL",24.5548262,-81.8020722
395145,"Talladega, AL",33.3967079,-86.1597137
395133,"Stillwater, OK",36.1156306,-97.0585717
394489,"Columbus, IN",39.2014405,-85.9213796
394345,"Athens, TX",32.2044416,-95.854914
394452,"Centralia, WA",46.7204489,-122.96142999999999
394822,"Manitowoc, WI",44.0998341,-87.827992
394682,"Hinesville, GA",31.8477347,-81.5960705
394541,"DuBois, PA",41.118651,-78.7622342
395205,"Warsaw, IN",41.2381017,-85.8530544
395126,"Statesboro, GA",32.4490141,-81.7832912
394445,"Casper, WY",42.8501191,-106.325138
395231,"Wilson, NC",35.7059114,-77.9175714
753881,"Glenwood Springs, CO",39.5466381,-107.3246941
395085,"Seneca, SC",34.6865321,-82.9527288
394866,"Minot, ND",48.23251,-101.296273
395077,"Searcy, AR",35.9018987,-92.7098744
394638,"Grand Island, NE",40.924271,-98.338685
394994,"Port Angeles, WA",48.118146,-123.430741
394350,"Auburn, NY",42.9320202,-76.5672029
394699,"Huntsville, TX",30.7235263,-95.5507771
394738,"Keene, NH",42.933597,-72.2784264
394674,"Heber, UT",40.506463,-111.4132963
395010,"Quincy, IL",39.9356016,-91.4098727
395062,"Sandusky, OH",41.2951563,-83.1555438
394593,"Findlay, OH",41.0413873,-83.6503982
394614,"Frankfort, KY",38.2009055,-84.8732836
394516,"Danville, IL",40.125222,-87.6304614
394298,"Aberdeen, WA",46.975371,-123.815722
395106,"Somerset, PA",39.9980022,-79.0415528
753928,"Wisconsin Rapids, WI",44.3917589,-89.8228767
753893,"Jefferson, GA",33.0380388,-82.436141
394736,"Kapaa, HI",22.0747334,-159.3191601
394955,"Palatka, FL",29.6487882,-81.6372111
394683,"Hobbs, NM",32.7027017,-103.1355302
395088,"Shawnee, OK",35.3272928,-96.9253004
394884,"Mount Airy, NC",36.4993877,-80.6072138
395132,"Stevens Point, WI",44.5234467,-89.5844457
394647,"Greeneville, TN",36.1631575,-82.8309861
394655,"Greenwood, SC",34.1489805,-82.112882
394764,"Lake City, FL",30.1894252,-82.6394803
394752,"Klamath Falls, OR",42.224867,-121.78167
394877,"Morehead City, NC",34.7229391,-76.7260436
394472,"Clearlake, CA",38.9582307,-122.626372
394305,"Alamogordo, NM",32.8998822,-105.9602081
395027,"Roanoke Rapids, NC",36.4558016,-77.6573514
394587,"Farmington, MO",37.7803037,-90.4226371
394897,"Muskogee, OK",35.6630196,-95.3927706
394826,"Marion, IN",40.5583739,-85.6591442
394586,"Faribault, MN",43.6647961,-93.9510501
395021,"Richmond, IN",39.8286897,-84.8898521
394829,"Marquette, MI",46.4481521,-87.6305899
394922,"North Wilkesboro, NC",36.1584651,-81.1475841
394885,"Mount Pleasant, MI",43.597646,-84.7668495
394827,"Marion, OH",40.5885271,-83.1895249
394360,"Baraboo, WI",43.4704014,-89.7437844
395016,"Red Bluff, CA",40.1784279,-122.235923
395040,"Roswell, NM",33.3943282,-104.5229518
395092,"Shelton, WA",47.2150945,-123.100706
394540,"Dublin, GA",32.5404447,-82.903754
394899,"Nacogdoches, TX",31.5970503,-94.5927451
394496,"Coos Bay, OR",43.3678937,-124.2174647
394836,"Martinsville, VA",36.6915262,-79.8725386
395020,"Rexburg, ID",43.8235163,-111.787022
394787,"Lewiston, ID",46.4195913,-117.0216144
394759,"Laconia, NH",43.5278546,-71.470351
394629,"Georgetown, SC",33.4392245,-79.3343041
394343,"Athens, OH",39.3575616,-82.0609557
395063,"Sanford, NC",35.4798757,-79.1802994
394570,"Enid, OK",36.3967623,-97.8791341
394889,"Mount Vernon, OH",40.3933956,-82.4857181
395199,"Walla Walla, WA",46.2055155,-118.5174284
394309,"Albemarle, NC",35.3501426,-80.2000578
394701,"Hutchinson, KS",38.0608444,-97.9297743
394693,"Hudson, NY",42.2528649,-73.790959
395124,"Starkville, MS",33.4638745,-88.8152074
394443,"Carlsbad, NM",32.4257456,-104.237612
394631,"Gillette, WY",44.290635,-105.501876
395044,"Rutland, VT",43.6084792,-72.9724768
394509,"Crossville, TN",35.949684,-85.0274835
395071,"Sayre, PA",41.9789631,-76.515499
395049,"Salina, KS",38.8402805,-97.6114237
753903,"Marietta, OH",39.4167742,-81.4548392
394591,"Fergus Falls, MN",46.283015,-96.077558
394362,"Barre, VT",44.1969042,-72.5007458
394939,"Oneonta, NY",42.453492,-75.0629531
394490,"Columbus, MS",33.4956744,-88.4272627
394923,"Norwalk, OH",41.2424219,-82.6155745
394336,"Ardmore, OK",34.1729273,-97.1309119
394956,"Palestine, TX",31.7621153,-95.6307891
394456,"Charleston, IL",39.4961458,-88.1761521
394592,"Fernley, NV",39.6076575,-119.2509808
394444,"Carson City, NV",39.1663259,-119.7670374
394551,"Eagle Pass, TX",28.709211,-100.4992936
394432,"Calhoun, GA",31.5311784,-84.614328
753877,"Cullowhee, NC",35.3137739,-83.1765814
394737,"Kearney, NE",40.699478,-99.081858
394582,"Fairmont, WV",39.484898,-80.1426539
394940,"Ontario, OR",44.0265525,-116.9629378
394621,"Gaffney, SC",35.0717945,-81.6498195
394411,"Branson, MO",36.6440772,-93.2169256
394446,"Cedar City, UT",37.6774238,-113.061827
395216,"Waycross, GA",31.2135511,-82.3540178
394951,"Oxford, MS",34.3663773,-89.5187664
394721,"Jasper, IN",41.0321808,-87.1066598
394556,"Edwards, CO",39.6441174,-106.5939635
394547,"Durango, CO",37.2769484,-107.8766
394750,"Kinston, NC",35.2626635,-77.5816353
753920,"Sonora, CA",37.985304,-120.3835349
395157,"Tiffin, OH",41.114485,-83.1779537
394366,"Batesville, AR",35.7708144,-91.6531128
394566,"Elko, NV",41.1958128,-115.3272864
394632,"Glasgow, KY",36.995906,-85.9124842
395122,"St. Marys, GA",30.7203759,-81.5485714
394402,"Boone, NC",36.2187873,-81.684004
395204,"Warrensburg, MO",38.7624373,-93.7409596
394634,"Gloversville, NY",43.0505021,-74.3457623
394604,"Fort Leonard Wood, MO",37.70114,-92.1693303
394562,"Elizabeth City, NC",36.3010192,-76.2203699
394967,"Payson, AZ",34.2406479,-111.323026
394344,"Athens, TN",35.4428864,-84.5930113
394571,"Enterprise, AL",31.3151708,-85.8552161
394339,"Ashland, OH",40.7887367,-82.2360391
394861,"Milledgeville, GA",33.0801429,-83.2320991
394742,"Kerrville, TX",30.048469,-99.1399464
394363,"Bartlesville, OK",36.7509272,-95.9771779
394985,"Platteville, WI",42.7342942,-90.4784451
394503,"Corsicana, TX",32.0938236,-96.464675
394652,"Greenville, OH",40.1023909,-84.6332986
394933,"Oil City, PA",41.4341216,-79.7084738
394838,"Mason City, IA",43.1524574,-93.2017941
394954,"Pahrump, NV",36.204178,-116.0260261
395234,"Winona, MN",43.9582272,-91.7807784
753905,"Newport, OR",44.636755,-124.053442
394326,"Amsterdam, NY",42.9362232,-74.1905821
753911,"Ozark, AL",31.4584764,-85.6405865
394628,"Gardnerville Ranchos, NV",38.898364,-119.7491171
394608,"Fort Polk South, LA",31.0809734,-93.1998168
394437,"Canon City, CO",38.4422506,-105.2348795
394906,"New Castle, IN",39.9289351,-85.3702477
394478,"Clovis, NM",34.405472,-103.2050709
394919,"Norfolk, NE",42.0283379,-97.4169964
395043,"Ruston, LA",32.5297498,-92.6386604
395097,"Sidney, OH",40.284241,-84.1555267
395008,"Pullman, WA",46.7295818,-117.1799363
394527,"Del Rio, TX",29.357515,-100.8987707
394391,"Blackfoot, ID",43.190039,-112.348357
395017,"Red Wing, MN",44.5624676,-92.5338013
394918,"Nogales, AZ",31.3402134,-110.936081
395144,"Tahlequah, OK",35.91537,-94.969956
394876,"Montrose, CO",38.4375391,-108.2403855
394504,"Cortland, NY",42.5842136,-76.0704906
394887,"Mount Sterling, KY",38.0561079,-83.9431961
394477,"Clinton, IA",41.9054695,-90.5599971
753916,"Sandpoint, ID",48.2761306,-116.5487835
753865,"Bardstown, KY",37.8092463,-85.4669015
394379,"Bemidji, MN",47.4723148,-94.8832791
394377,"Bellefontaine, OH",40.3611643,-83.7596557
394426,"Burley, ID",42.5357428,-113.792794
394548,"Durant, OK",33.9919761,-96.3776762
394883,"Moultrie, GA",31.179998,-83.7887928
395155,"Thomasville, GA",30.8365815,-83.9787808
394961,"Paragould, AR",36.0584021,-90.4973286
394427,"Burlington, IA",40.8126922,-91.1020205
394850,"Menomonie, WI",44.8765289,-91.9278716
753918,"Shawano, WI",44.7817214,-88.7118868
395208,"Washington, NC",35.8725573,-76.6215245
395037,"Rolla, MO",37.9509324,-91.7708076
753904,"Marion, NC",35.6841022,-82.0091028
394567,"Ellensburg, WA",46.9970635,-120.545122
394990,"Ponca City, OK",36.703647,-97.081898
394779,"Lawrenceburg, TN",35.2423023,-87.3347389
394886,"Mount Pleasant, TX",33.1570582,-94.9694007
394895,"Muscatine, IA",41.4776121,-91.1210053
394785,"Lewisburg, PA",40.9645337,-76.8847639
394545,"Duncan, OK",34.5023029,-97.9578129
395081,"Sedalia, MO",38.7098314,-93.2295515
394448,"Cedartown, GA",34.0124425,-85.2559398
394677,"Henderson, NC",35.3389062,-82.4663918
394297,"Aberdeen, SD",45.4649805,-98.487813
395032,"Rock Springs, WY",41.5860557,-109.2194544
395129,"Stephenville, TX",32.2201387,-98.2045388
394449,"Celina, OH",40.5489358,-84.5702338
394424,"Bucyrus, OH",40.8083909,-82.9754649
394558,"El Campo, TX",29.1966405,-96.2696867
394891,"Mountain Home, AR",36.3361391,-92.3801187
394624,"Gainesville, TX",33.6248484,-97.142753
394397,"Blytheville, AR",35.9283249,-89.9045612
394341,"Astoria, OR",46.1882007,-123.8319802
394833,"Marshalltown, IA",42.048881,-92.9122672
394354,"Austin, MN",43.6679992,-92.9746498
394934,"Okeechobee, FL",27.3923408,-80.8873655
394690,"Houghton, MI",46.8591287,-88.7774734
394881,"Moscow, ID",46.7323875,-117.000165
395026,"Riverton, WY",43.0247245,-108.380727
394981,"Pittsburg, KS",37.4108841,-94.70496
394315,"Alexandria, MN",45.8835101,-95.3745015
395178,"Urbana, OH",40.1083912,-83.7524298
394434,"Cambridge, OH",40.031183,-81.5884561
395227,"Williston, ND",48.1465457,-103.621814
395046,"Safford, AZ",32.8332254,-109.7131818
394715,"Jacksonville, IL",39.7343697,-90.228782
394300,"Ada, OK",34.7743383,-96.6783651
394507,"Crawfordsville, IN",40.0408627,-86.8997385
394801,"Logansport, IN",40.7542375,-86.3625191
395072,"Scottsbluff, NE",41.862302,-103.6627088
394914,"Newberry, SC",34.3266879,-81.5830086
394799,"Lock Haven, PA",41.1369077,-77.4471641
394554,"Easton, MD",38.7744625,-76.0763244
394948,"Owatonna, MN",44.0839937,-93.2261076
394771,"Laramie, WY",41.3116442,-105.5917876
394894,"Murray, KY",36.6106122,-88.3021092
394617,"Fremont, NE",41.4338363,-96.4960449
394382,"Bennington, VT",42.8788667,-73.1968205
394550,"Dyersburg, TN",36.0325216,-89.3866375
394745,"Kill Devil Hills, NC",36.0321186,-75.6776147
395137,"Sulphur Springs, TX",33.1384886,-95.6010143
394702,"Hutchinson, MN",44.8877401,-94.3697057
394522,"DeRidder, LA",30.846201,-93.289281
394992,"Pontiac, IL",40.8808666,-88.6297839
394781,"Lebanon, MO",37.6806669,-92.6637835
395191,"Vidalia, GA",32.2176855,-82.4134614
394413,"Brenham, TX",30.1668828,-96.3977442
395187,"Vernal, UT",40.4556825,-109.528474
394430,"Butte, MT",46.0131505,-112.536508
394569,"Emporia, KS",38.4040054,-96.181623
394713,"Jackson, WY",43.479965,-110.761815
394385,"Big Spring, TX",32.250398,-101.4787356
394331,"Angola, IN",41.634874,-84.99928
394535,"Dixon, IL",41.8425197,-89.4814291
395149,"Taos, NM",36.4072377,-105.573284
394419,"Brookings, SD",44.311461,-96.79844
394324,"Americus, GA",32.0723862,-84.2326876
394491,"Columbus, NE",41.4292988,-97.3581439
394786,"Lewisburg, TN",35.4492404,-86.7888887
394533,"Dickinson, ND",46.8791756,-102.7896242
395165,"Troy, AL",31.8087678,-85.969951
394613,"Frankfort, IN",40.2797657,-86.5108244
394414,"Brevard, NC",35.2334472,-82.7342919
395141,"Susanville, CA",40.4162842,-120.653006
394835,"Martin, TN",36.3432777,-88.8503514
753878,"Dayton, TN",35.4939587,-85.0124535
394481,"Coffeyville, KS",37.0372999,-95.6163634
394383,"Berlin, NH",44.4696602,-71.1810703
394749,"Kingsville, TX",27.5158689,-97.856109
753871,"Breckenridge, CO",39.4829124,-106.0465486
394310,"Albert Lea, MN",43.6480127,-93.3682656
395093,"Sheridan, WY",44.7947537,-106.8222688
394846,"McPherson, KS",38.3659015,-97.6575171
394751,"Kirksville, MO",40.1948848,-92.5833939
394606,"Fort Morgan, CO",40.2502582,-103.799951
394892,"Mountain Home, ID",43.1318937,-115.6939827
394864,"Mineral Wells, TX",32.8091732,-98.1129179
395100,"Silver City, NM",32.7711825,-108.2764164
394812,"Macomb, IL",40.4588934,-90.6713939
394508,"Crescent City, CA",41.7522404,-124.1978539
394615,"Fredericksburg, TX",30.2752011,-98.8719843
753923,"The Dalles, OR",45.6015056,-121.1841587
394758,"La Grande, OR",45.3246068,-118.0878695
394791,"Lexington, NE",40.7788486,-99.7414869
394643,"Great Bend, KS",38.3625063,-98.7804087
395110,"Spearfish, SD",44.4893896,-103.8609632
394584,"Fallon, NV",39.4745166,-118.777895
753884,"Hailey, ID",43.519629,-114.315325
753921,"Steamboat Springs, CO",40.4848003,-106.831735
395004,"Prineville, OR",44.3034887,-120.8463875
394687,"Hood River, OR",45.5311636,-121.6475587
394868,"Mitchell, SD",43.70953,-98.025379
394418,"Brookings, OR",42.0521298,-124.2832868
395198,"Wahpeton, ND",46.265879,-96.608863
395130,"Sterling, CO",40.6255415,-103.207709
394718,"Jamestown, ND",46.910544,-98.708436
394837,"Maryville, MO",40.3460468,-94.8723858
394996,"Portales, NM",34.1859636,-103.3373367
394805,"Los Alamos, NM",35.88137,-106.298959
753880,"Fairfield, IA",41.0072342,-91.9630039
395186,"Vermillion, SD",42.7795273,-96.929101
